fecha,liga,temporada,equipo_local,equipo_visitante,goles_local,goles_visitante,corners_local,corners_visitante,amarillas_local,amarillas_visitante,rojas_local,rojas_visitante,total_goles,total_corners,total_amarillas,total_rojas,ambos_marcan,over_2_5
2020-09-18,Bundesliga,2020-21,Bayern Munich,Schalke 04,8,0,9,2,1,2,0,0,8,11,3,0,0,1
2020-09-19,Bundesliga,2020-21,Ein Frankfurt,Bielefeld,1,1,14,3,2,2,0,0,2,17,4,0,1,0
2020-09-19,Bundesliga,2020-21,FC Koln,Hoffenheim,2,3,1,6,0,0,0,0,5,7,0,0,1,1
2020-09-19,Bundesliga,2020-21,Stuttgart,Freiburg,2,3,7,2,2,2,0,0,5,9,4,0,1,1
2020-09-19,Bundesliga,2020-21,Union Berlin,Augsburg,1,3,8,1,2,0,0,0,4,9,2,0,1,1
2020-09-19,Bundesliga,2020-21,Werder Bremen,Hertha,1,4,7,4,2,0,0,0,5,11,2,0,1,1
2020-09-19,Bundesliga,2020-21,Dortmund,M'gladbach,3,0,1,3,1,1,0,0,3,4,2,0,0,1
2020-09-20,Bundesliga,2020-21,RB Leipzig,Mainz,3,1,7,5,1,2,0,0,4,12,3,0,1,1
2020-09-20,Bundesliga,2020-21,Wolfsburg,Leverkusen,0,0,4,4,1,2,0,0,0,8,3,0,0,0
2020-09-25,Bundesliga,2020-21,Hertha,Ein Frankfurt,1,3,4,3,3,4,0,0,4,7,7,0,1,1
2020-09-26,Bundesliga,2020-21,Schalke 04,Werder Bremen,1,3,8,3,7,2,1,0,4,11,9,1,1,1
2020-09-26,Bundesliga,2020-21,M'gladbach,Union Berlin,1,1,7,5,1,2,0,0,2,12,3,0,1,0
2020-09-26,Bundesliga,2020-21,Mainz,Stuttgart,1,4,3,9,2,4,1,1,5,12,6,2,1,1
2020-09-26,Bundesliga,2020-21,Augsburg,Dortmund,2,0,3,11,3,4,0,0,2,14,7,0,0,0
2020-09-26,Bundesliga,2020-21,Bielefeld,FC Koln,1,0,4,7,3,3,0,0,1,11,6,0,0,0
2020-09-26,Bundesliga,2020-21,Leverkusen,RB Leipzig,1,1,4,1,1,3,0,0,2,5,4,0,1,0
2020-09-27,Bundesliga,2020-21,Hoffenheim,Bayern Munich,4,1,3,5,3,2,0,0,5,8,5,0,1,1
2020-09-27,Bundesliga,2020-21,Freiburg,Wolfsburg,1,1,9,1,0,3,0,0,2,10,3,0,1,0
2020-10-02,Bundesliga,2020-21,Union Berlin,Mainz,4,0,4,2,1,4,0,0,4,6,5,0,0,1
2020-10-03,Bundesliga,2020-21,Werder Bremen,Bielefeld,1,0,2,1,2,2,0,0,1,3,4,0,0,0
2020-10-03,Bundesliga,2020-21,RB Leipzig,Schalke 04,4,0,8,1,1,3,0,0,4,9,4,0,0,1
2020-10-03,Bundesliga,2020-21,Stuttgart,Leverkusen,1,1,7,12,3,2,0,0,2,19,5,0,1,0
2020-10-03,Bundesliga,2020-21,Dortmund,Freiburg,4,0,3,2,1,1,0,0,4,5,2,0,0,1
2020-10-03,Bundesliga,2020-21,Ein Frankfurt,Hoffenheim,2,1,5,7,2,3,0,0,3,12,5,0,1,1
2020-10-03,Bundesliga,2020-21,FC Koln,M'gladbach,1,3,4,10,3,3,0,0,4,14,6,0,1,1
2020-10-04,Bundesliga,2020-21,Wolfsburg,Augsburg,0,0,12,2,0,1,0,0,0,14,1,0,0,0
2020-10-04,Bundesliga,2020-21,Bayern Munich,Hertha,4,3,6,1,3,3,0,0,7,7,6,0,1,1
2020-10-17,Bundesliga,2020-21,Augsburg,RB Leipzig,0,2,5,8,0,1,0,0,2,13,1,0,0,0
2020-10-17,Bundesliga,2020-21,Freiburg,Werder Bremen,1,1,4,4,3,3,0,0,2,8,6,0,1,0
2020-10-17,Bundesliga,2020-21,Hertha,Stuttgart,0,2,6,4,2,2,0,0,2,10,4,0,0,0
2020-10-17,Bundesliga,2020-21,Hoffenheim,Dortmund,0,1,4,6,1,1,0,0,1,10,2,0,0,0
2020-10-17,Bundesliga,2020-21,Mainz,Leverkusen,0,1,6,2,3,1,0,0,1,8,4,0,0,0
2020-10-17,Bundesliga,2020-21,Bielefeld,Bayern Munich,1,4,6,10,1,0,0,1,5,16,1,1,1,1
2020-10-17,Bundesliga,2020-21,M'gladbach,Wolfsburg,1,1,5,4,2,2,0,0,2,9,4,0,1,0
2020-10-18,Bundesliga,2020-21,FC Koln,Ein Frankfurt,1,1,2,8,3,2,0,0,2,10,5,0,1,0
2020-10-18,Bundesliga,2020-21,Schalke 04,Union Berlin,1,1,5,7,3,1,0,0,2,12,4,0,1,0
2020-10-23,Bundesliga,2020-21,Stuttgart,FC Koln,1,1,3,5,2,5,0,0,2,8,7,0,1,0
2020-10-24,Bundesliga,2020-21,Dortmund,Schalke 04,3,0,7,2,0,1,0,0,3,9,1,0,0,1
2020-10-24,Bundesliga,2020-21,Union Berlin,Freiburg,1,1,4,2,1,4,0,0,2,6,5,0,1,0
2020-10-24,Bundesliga,2020-21,Bayern Munich,Ein Frankfurt,5,0,10,2,3,0,0,0,5,12,3,0,0,1
2020-10-24,Bundesliga,2020-21,Mainz,M'gladbach,2,3,3,7,5,3,0,0,5,10,8,0,1,1
2020-10-24,Bundesliga,2020-21,RB Leipzig,Hertha,2,1,7,3,1,4,0,1,3,10,5,1,1,1
2020-10-25,Bundesliga,2020-21,Wolfsburg,Bielefeld,2,1,4,3,2,1,0,0,3,7,3,0,1,1
2020-10-25,Bundesliga,2020-21,Werder Bremen,Hoffenheim,1,1,1,4,2,2,0,0,2,5,4,0,1,0
2020-10-26,Bundesliga,2020-21,Leverkusen,Augsburg,3,1,3,3,1,2,0,0,4,6,3,0,1,1
2020-10-30,Bundesliga,2020-21,Schalke 04,Stuttgart,1,1,3,4,2,2,0,0,2,7,4,0,1,0
2020-10-31,Bundesliga,2020-21,Augsburg,Mainz,3,1,4,1,5,1,0,0,4,5,6,0,1,1
2020-10-31,Bundesliga,2020-21,Bielefeld,Dortmund,0,2,0,12,1,1,0,0,2,12,2,0,0,0
2020-10-31,Bundesliga,2020-21,FC Koln,Bayern Munich,1,2,5,1,1,2,0,0,3,6,3,0,1,1
2020-10-31,Bundesliga,2020-21,M'gladbach,RB Leipzig,1,0,2,4,2,4,0,0,1,6,6,0,0,0
2020-10-31,Bundesliga,2020-21,Ein Frankfurt,Werder Bremen,1,1,5,3,1,3,0,0,2,8,4,0,1,0
2020-11-01,Bundesliga,2020-21,Freiburg,Leverkusen,2,4,4,6,2,2,0,0,6,10,4,0,1,1
2020-11-01,Bundesliga,2020-21,Hertha,Wolfsburg,1,1,8,6,3,1,0,0,2,14,4,0,1,0
2020-11-02,Bundesliga,2020-21,Hoffenheim,Union Berlin,1,3,3,6,1,2,1,0,4,9,3,1,1,1
2020-11-06,Bundesliga,2020-21,Werder Bremen,FC Koln,1,1,1,3,2,2,0,0,2,4,4,0,1,0
2020-11-07,Bundesliga,2020-21,Stuttgart,Ein Frankfurt,2,2,10,8,2,4,0,0,4,18,6,0,1,1
2020-11-07,Bundesliga,2020-21,Union Berlin,Bielefeld,5,0,5,1,0,1,0,0,5,6,1,0,0,1
2020-11-07,Bundesliga,2020-21,Dortmund,Bayern Munich,2,3,4,3,2,2,0,0,5,7,4,0,1,1
2020-11-07,Bundesliga,2020-21,RB Leipzig,Freiburg,3,0,3,4,2,3,0,0,3,7,5,0,0,1
2020-11-07,Bundesliga,2020-21,Augsburg,Hertha,0,3,2,6,3,0,0,0,3,8,3,0,0,1
2020-11-07,Bundesliga,2020-21,Mainz,Schalke 04,2,2,4,9,1,1,0,0,4,13,2,0,1,1
2020-11-08,Bundesliga,2020-21,Wolfsburg,Hoffenheim,2,1,3,7,1,3,0,0,3,10,4,0,1,1
2020-11-08,Bundesliga,2020-21,Leverkusen,M'gladbach,4,3,6,2,4,2,0,0,7,8,6,0,1,1
2020-11-21,Bundesliga,2020-21,Hertha,Dortmund,2,5,4,3,1,1,0,0,7,7,2,0,1,1
2020-11-21,Bundesliga,2020-21,Ein Frankfurt,RB Leipzig,1,1,5,6,3,2,0,0,2,11,5,0,1,0
2020-11-21,Bundesliga,2020-21,M'gladbach,Augsburg,1,1,2,1,1,4,0,1,2,3,5,1,1,0
2020-11-21,Bundesliga,2020-21,Schalke 04,Wolfsburg,0,2,6,4,0,1,0,0,2,10,1,0,0,0
2020-11-21,Bundesliga,2020-21,Bielefeld,Leverkusen,1,2,0,10,0,1,0,0,3,10,1,0,1,1
2020-11-21,Bundesliga,2020-21,Bayern Munich,Werder Bremen,1,1,7,3,1,3,0,0,2,10,4,0,1,0
2020-11-21,Bundesliga,2020-21,Hoffenheim,Stuttgart,3,3,3,4,3,2,0,0,6,7,5,0,1,1
2020-11-22,Bundesliga,2020-21,Freiburg,Mainz,1,3,9,4,0,1,0,0,4,13,1,0,1,1
2020-11-22,Bundesliga,2020-21,FC Koln,Union Berlin,1,2,5,4,1,2,0,0,3,9,3,0,1,1
2020-11-27,Bundesliga,2020-21,Wolfsburg,Werder Bremen,5,3,0,5,2,3,0,1,8,5,5,1,1,1
2020-11-28,Bundesliga,2020-21,Union Berlin,Ein Frankfurt,3,3,4,5,2,3,0,0,6,9,5,0,1,1
2020-11-28,Bundesliga,2020-21,M'gladbach,Schalke 04,4,1,5,4,2,3,0,0,5,9,5,0,1,1
2020-11-28,Bundesliga,2020-21,Stuttgart,Bayern Munich,1,3,4,3,0,0,0,0,4,7,0,0,1,1
2020-11-28,Bundesliga,2020-21,Dortmund,FC Koln,1,2,6,2,1,2,0,0,3,8,3,0,1,1
2020-11-28,Bundesliga,2020-21,RB Leipzig,Bielefeld,2,1,6,7,2,2,0,0,3,13,4,0,1,1
2020-11-28,Bundesliga,2020-21,Augsburg,Freiburg,1,1,4,1,3,1,0,0,2,5,4,0,1,0
2020-11-29,Bundesliga,2020-21,Leverkusen,Hertha,0,0,6,1,2,1,0,0,0,7,3,0,0,0
2020-11-29,Bundesliga,2020-21,Mainz,Hoffenheim,1,1,11,5,0,0,0,1,2,16,0,1,1,0
2020-12-04,Bundesliga,2020-21,Hertha,Union Berlin,3,1,9,2,1,3,0,1,4,11,4,1,1,1
2020-12-05,Bundesliga,2020-21,Bayern Munich,RB Leipzig,3,3,10,2,0,1,0,0,6,12,1,0,1,1
2020-12-05,Bundesliga,2020-21,FC Koln,Wolfsburg,2,2,3,8,0,1,0,0,4,11,1,0,1,1
2020-12-05,Bundesliga,2020-21,Freiburg,M'gladbach,2,2,5,5,1,2,0,0,4,10,3,0,1,1
2020-12-05,Bundesliga,2020-21,Bielefeld,Mainz,2,1,2,3,3,2,0,0,3,5,5,0,1,1
2020-12-05,Bundesliga,2020-21,Ein Frankfurt,Dortmund,1,1,6,5,6,1,0,0,2,11,7,0,1,0
2020-12-06,Bundesliga,2020-21,Werder Bremen,Stuttgart,1,2,2,4,4,4,0,0,3,6,8,0,1,1
2020-12-06,Bundesliga,2020-21,Schalke 04,Leverkusen,0,3,2,8,2,3,0,0,3,10,5,0,0,1
2020-12-07,Bundesliga,2020-21,Hoffenheim,Augsburg,3,1,4,3,0,1,0,0,4,7,1,0,1,1
2020-12-11,Bundesliga,2020-21,Wolfsburg,Ein Frankfurt,2,1,8,1,5,2,0,0,3,9,7,0,1,1
2020-12-12,Bundesliga,2020-21,RB Leipzig,Werder Bremen,2,0,1,6,3,1,0,0,2,7,4,0,0,0
2020-12-12,Bundesliga,2020-21,Union Berlin,Bayern Munich,1,1,4,7,3,2,0,0,2,11,5,0,1,0
2020-12-12,Bundesliga,2020-21,M'gladbach,Hertha,1,1,13,2,3,2,0,0,2,15,5,0,1,0
2020-12-12,Bundesliga,2020-21,Mainz,FC Koln,0,1,5,3,4,4,0,1,1,8,8,1,0,0
2020-12-12,Bundesliga,2020-21,Freiburg,Bielefeld,2,0,5,4,3,0,0,0,2,9,3,0,0,0
2020-12-12,Bundesliga,2020-21,Dortmund,Stuttgart,1,5,8,2,2,3,0,0,6,10,5,0,1,1
2020-12-13,Bundesliga,2020-21,Augsburg,Schalke 04,2,2,2,3,3,4,1,0,4,5,7,1,1,1
2020-12-13,Bundesliga,2020-21,Leverkusen,Hoffenheim,4,1,6,5,3,6,0,2,5,11,9,2,1,1
2020-12-15,Bundesliga,2020-21,Ein Frankfurt,M'gladbach,3,3,4,5,6,4,1,0,6,9,10,1,1,1
2020-12-15,Bundesliga,2020-21,Hertha,Mainz,0,0,5,4,3,1,0,0,0,9,4,0,0,0
2020-12-15,Bundesliga,2020-21,Stuttgart,Union Berlin,2,2,2,3,3,3,0,0,4,5,6,0,1,1
2020-12-15,Bundesliga,2020-21,Werder Bremen,Dortmund,1,2,4,4,3,2,0,0,3,8,5,0,1,1
2020-12-16,Bundesliga,2020-21,Schalke 04,Freiburg,0,2,2,3,2,1,0,0,2,5,3,0,0,0
2020-12-16,Bundesliga,2020-21,Bayern Munich,Wolfsburg,2,1,7,7,3,1,0,0,3,14,4,0,1,1
2020-12-16,Bundesliga,2020-21,Bielefeld,Augsburg,0,1,1,3,1,2,0,0,1,4,3,0,0,0
2020-12-16,Bundesliga,2020-21,FC Koln,Leverkusen,0,4,2,6,1,1,0,0,4,8,2,0,0,1
2020-12-16,Bundesliga,2020-21,Hoffenheim,RB Leipzig,0,1,5,5,2,0,0,0,1,10,2,0,0,0
2020-12-18,Bundesliga,2020-21,Union Berlin,Dortmund,2,1,8,6,1,1,0,0,3,14,2,0,1,1
2020-12-19,Bundesliga,2020-21,Leverkusen,Bayern Munich,1,2,5,7,1,1,0,0,3,12,2,0,1,1
2020-12-19,Bundesliga,2020-21,Schalke 04,Bielefeld,0,1,1,6,6,5,0,0,1,7,11,0,0,0
2020-12-19,Bundesliga,2020-21,RB Leipzig,FC Koln,0,0,8,2,1,0,0,0,0,10,1,0,0,0
2020-12-19,Bundesliga,2020-21,M'gladbach,Hoffenheim,1,2,3,3,1,3,1,0,3,6,4,1,1,1
2020-12-19,Bundesliga,2020-21,Mainz,Werder Bremen,0,1,2,5,2,2,0,0,1,7,4,0,0,0
2020-12-19,Bundesliga,2020-21,Augsburg,Ein Frankfurt,0,2,2,4,1,4,0,0,2,6,5,0,0,0
2020-12-20,Bundesliga,2020-21,Freiburg,Hertha,4,1,7,3,0,0,0,0,5,10,0,0,1,1
2020-12-20,Bundesliga,2020-21,Wolfsburg,Stuttgart,1,0,4,6,2,3,0,0,1,10,5,0,0,0
2021-01-02,Bundesliga,2020-21,Stuttgart,RB Leipzig,0,1,3,6,2,1,0,0,1,9,3,0,0,0
2021-01-02,Bundesliga,2020-21,Hertha,Schalke 04,3,0,9,5,2,2,0,0,3,14,4,0,0,1
2021-01-02,Bundesliga,2020-21,Werder Bremen,Union Berlin,0,2,6,5,2,4,0,0,2,11,6,0,0,0
2021-01-02,Bundesliga,2020-21,Hoffenheim,Freiburg,1,3,8,3,2,2,0,0,4,11,4,0,1,1
2021-01-02,Bundesliga,2020-21,FC Koln,Augsburg,0,1,8,3,2,3,0,0,1,11,5,0,0,0
2021-01-02,Bundesliga,2020-21,Ein Frankfurt,Leverkusen,2,1,2,7,0,0,0,0,3,9,0,0,1,1
2021-01-02,Bundesliga,2020-21,Bielefeld,M'gladbach,0,1,3,14,2,1,0,0,1,17,3,0,0,0
2021-01-03,Bundesliga,2020-21,Dortmund,Wolfsburg,2,0,10,5,3,1,0,0,2,15,4,0,0,0
2021-01-03,Bundesliga,2020-21,Bayern Munich,Mainz,5,2,10,2,2,1,0,0,7,12,3,0,1,1
2021-01-08,Bundesliga,2020-21,M'gladbach,Bayern Munich,3,2,3,8,1,1,0,0,5,11,2,0,1,1
2021-01-09,Bundesliga,2020-21,RB Leipzig,Dortmund,1,3,3,3,0,2,0,0,4,6,2,0,1,1
2021-01-09,Bundesliga,2020-21,Union Berlin,Wolfsburg,2,2,5,3,3,1,0,1,4,8,4,1,1,1
2021-01-09,Bundesliga,2020-21,Mainz,Ein Frankfurt,0,2,3,7,2,1,0,0,2,10,3,0,0,0
2021-01-09,Bundesliga,2020-21,Leverkusen,Werder Bremen,1,1,3,1,2,2,0,0,2,4,4,0,1,0
2021-01-09,Bundesliga,2020-21,Freiburg,FC Koln,5,0,1,3,0,0,0,0,5,4,0,0,0,1
2021-01-09,Bundesliga,2020-21,Schalke 04,Hoffenheim,4,0,5,4,2,4,0,0,4,9,6,0,0,1
2021-01-10,Bundesliga,2020-21,Augsburg,Stuttgart,1,4,4,11,3,2,1,0,5,15,5,1,1,1
2021-01-10,Bundesliga,2020-21,Bielefeld,Hertha,1,0,8,3,1,1,0,0,1,11,2,0,0,0
2021-01-15,Bundesliga,2020-21,Union Berlin,Leverkusen,1,0,2,3,1,2,0,0,1,5,3,0,0,0
2021-01-16,Bundesliga,2020-21,Dortmund,Mainz,1,1,1,2,1,2,0,0,2,3,3,0,1,0
2021-01-16,Bundesliga,2020-21,FC Koln,Hertha,0,0,5,4,2,3,0,0,0,9,5,0,0,0
2021-01-16,Bundesliga,2020-21,Hoffenheim,Bielefeld,0,0,5,3,1,1,0,0,0,8,2,0,0,0
2021-01-16,Bundesliga,2020-21,Werder Bremen,Augsburg,2,0,4,4,0,1,0,0,2,8,1,0,0,0
2021-01-16,Bundesliga,2020-21,Wolfsburg,RB Leipzig,2,2,6,6,4,3,0,0,4,12,7,0,1,1
2021-01-16,Bundesliga,2020-21,Stuttgart,M'gladbach,2,2,5,2,2,3,0,0,4,7,5,0,1,1
2021-01-17,Bundesliga,2020-21,Ein Frankfurt,Schalke 04,3,1,8,2,0,1,0,0,4,10,1,0,1,1
2021-01-17,Bundesliga,2020-21,Bayern Munich,Freiburg,2,1,14,3,1,2,0,0,3,17,3,0,1,1
2021-01-19,Bundesliga,2020-21,Hertha,Hoffenheim,0,3,3,2,1,1,0,0,3,5,2,0,0,1
2021-01-19,Bundesliga,2020-21,Leverkusen,Dortmund,2,1,6,5,2,2,0,0,3,11,4,0,1,1
2021-01-19,Bundesliga,2020-21,M'gladbach,Werder Bremen,1,0,7,5,2,2,0,0,1,12,4,0,0,0
2021-01-19,Bundesliga,2020-21,Mainz,Wolfsburg,0,2,2,5,1,2,0,0,2,7,3,0,0,0
2021-01-20,Bundesliga,2020-21,Freiburg,Ein Frankfurt,2,2,4,5,3,3,0,0,4,9,6,0,1,1
2021-01-20,Bundesliga,2020-21,Bielefeld,Stuttgart,3,0,2,6,1,0,0,0,3,8,1,0,0,1
2021-01-20,Bundesliga,2020-21,RB Leipzig,Union Berlin,1,0,5,1,1,1,0,0,1,6,2,0,0,0
2021-01-20,Bundesliga,2020-21,Schalke 04,FC Koln,1,2,5,8,2,1,0,0,3,13,3,0,1,1
2021-01-20,Bundesliga,2020-21,Augsburg,Bayern Munich,0,1,5,7,2,0,0,0,1,12,2,0,0,0
2021-01-22,Bundesliga,2020-21,M'gladbach,Dortmund,4,2,3,7,1,0,0,0,6,10,1,0,1,1
2021-01-23,Bundesliga,2020-21,Augsburg,Union Berlin,2,1,2,3,3,1,0,0,3,5,4,0,1,1
2021-01-23,Bundesliga,2020-21,Bielefeld,Ein Frankfurt,1,5,0,8,2,2,0,0,6,8,4,0,1,1
2021-01-23,Bundesliga,2020-21,Freiburg,Stuttgart,2,1,3,5,2,0,0,0,3,8,2,0,1,1
2021-01-23,Bundesliga,2020-21,Leverkusen,Wolfsburg,0,1,6,2,1,1,0,0,1,8,2,0,0,0
2021-01-23,Bundesliga,2020-21,Mainz,RB Leipzig,3,2,3,9,2,4,0,0,5,12,6,0,1,1
2021-01-23,Bundesliga,2020-21,Hertha,Werder Bremen,1,4,7,1,2,3,0,0,5,8,5,0,1,1
2021-01-24,Bundesliga,2020-21,Hoffenheim,FC Koln,3,0,6,9,2,3,0,0,3,15,5,0,0,1
2021-01-24,Bundesliga,2020-21,Schalke 04,Bayern Munich,0,4,3,7,1,1,0,0,4,10,2,0,0,1
2021-01-29,Bundesliga,2020-21,Stuttgart,Mainz,2,0,2,4,1,4,0,0,2,6,5,0,0,0
2021-01-30,Bundesliga,2020-21,Bayern Munich,Hoffenheim,4,1,10,4,1,0,0,0,5,14,1,0,1,1
2021-01-30,Bundesliga,2020-21,Dortmund,Augsburg,3,1,10,1,0,1,0,0,4,11,1,0,1,1
2021-01-30,Bundesliga,2020-21,Ein Frankfurt,Hertha,3,1,4,7,1,4,0,0,4,11,5,0,1,1
2021-01-30,Bundesliga,2020-21,Union Berlin,M'gladbach,1,1,2,9,1,3,0,0,2,11,4,0,1,0
2021-01-30,Bundesliga,2020-21,Werder Bremen,Schalke 04,1,1,6,1,0,4,0,0,2,7,4,0,1,0
2021-01-30,Bundesliga,2020-21,RB Leipzig,Leverkusen,1,0,6,6,2,2,0,0,1,12,4,0,0,0
2021-01-31,Bundesliga,2020-21,FC Koln,Bielefeld,3,1,3,5,2,1,0,0,4,8,3,0,1,1
2021-01-31,Bundesliga,2020-21,Wolfsburg,Freiburg,3,0,5,10,0,0,0,0,3,15,0,0,0,1
2021-02-05,Bundesliga,2020-21,Hertha,Bayern Munich,0,1,3,11,2,1,0,0,1,14,3,0,0,0
2021-02-06,Bundesliga,2020-21,Augsburg,Wolfsburg,0,2,7,4,2,0,0,0,2,11,2,0,0,0
2021-02-06,Bundesliga,2020-21,Freiburg,Dortmund,2,1,1,1,1,2,0,0,3,2,3,0,1,1
2021-02-06,Bundesliga,2020-21,Leverkusen,Stuttgart,5,2,4,4,0,0,0,0,7,8,0,0,1,1
2021-02-06,Bundesliga,2020-21,Mainz,Union Berlin,1,0,3,1,2,5,0,1,1,4,7,1,0,0
2021-02-06,Bundesliga,2020-21,Schalke 04,RB Leipzig,0,3,1,7,2,1,0,0,3,8,3,0,0,1
2021-02-06,Bundesliga,2020-21,M'gladbach,FC Koln,1,2,4,1,4,2,0,0,3,5,6,0,1,1
2021-02-07,Bundesliga,2020-21,Hoffenheim,Ein Frankfurt,1,3,4,7,0,3,0,0,4,11,3,0,1,1
2021-02-12,Bundesliga,2020-21,RB Leipzig,Augsburg,2,1,3,4,3,5,0,0,3,7,8,0,1,1
2021-02-13,Bundesliga,2020-21,Union Berlin,Schalke 04,0,0,1,6,3,2,0,0,0,7,5,0,0,0
2021-02-13,Bundesliga,2020-21,Werder Bremen,Freiburg,0,0,4,1,0,2,0,0,0,5,2,0,0,0
2021-02-13,Bundesliga,2020-21,Leverkusen,Mainz,2,2,2,2,5,1,0,0,4,4,6,0,1,1
2021-02-13,Bundesliga,2020-21,Dortmund,Hoffenheim,2,2,1,7,3,7,0,0,4,8,10,0,1,1
2021-02-13,Bundesliga,2020-21,Stuttgart,Hertha,1,1,1,5,2,2,0,0,2,6,4,0,1,0
2021-02-14,Bundesliga,2020-21,Ein Frankfurt,FC Koln,2,0,7,2,3,1,0,0,2,9,4,0,0,0
2021-02-14,Bundesliga,2020-21,Wolfsburg,M'gladbach,0,0,9,6,1,3,0,0,0,15,4,0,0,0
2021-02-15,Bundesliga,2020-21,Bayern Munich,Bielefeld,3,3,5,2,1,1,0,0,6,7,2,0,1,1
2021-02-19,Bundesliga,2020-21,Bielefeld,Wolfsburg,0,3,3,8,0,2,0,0,3,11,2,0,0,1
2021-02-20,Bundesliga,2020-21,Schalke 04,Dortmund,0,4,4,2,2,2,0,0,4,6,4,0,0,1
2021-02-20,Bundesliga,2020-21,M'gladbach,Mainz,1,2,4,4,1,1,0,0,3,8,2,0,1,1
2021-02-20,Bundesliga,2020-21,FC Koln,Stuttgart,0,1,0,6,2,1,0,0,1,6,3,0,0,0
2021-02-20,Bundesliga,2020-21,Ein Frankfurt,Bayern Munich,2,1,6,10,2,1,0,0,3,16,3,0,1,1
2021-02-20,Bundesliga,2020-21,Freiburg,Union Berlin,0,1,2,4,2,2,0,0,1,6,4,0,0,0
2021-02-21,Bundesliga,2020-21,Augsburg,Leverkusen,1,1,1,4,2,4,0,0,2,5,6,0,1,0
2021-02-21,Bundesliga,2020-21,Hertha,RB Leipzig,0,3,3,4,1,1,0,0,3,7,2,0,0,1
2021-02-21,Bundesliga,2020-21,Hoffenheim,Werder Bremen,4,0,6,3,2,2,0,0,4,9,4,0,0,1
2021-02-26,Bundesliga,2020-21,Werder Bremen,Ein Frankfurt,2,1,2,8,4,3,0,0,3,10,7,0,1,1
2021-02-27,Bundesliga,2020-21,Bayern Munich,FC Koln,5,1,4,4,2,1,0,0,6,8,3,0,1,1
2021-02-27,Bundesliga,2020-21,Dortmund,Bielefeld,3,0,5,2,0,3,0,0,3,7,3,0,0,1
2021-02-27,Bundesliga,2020-21,Wolfsburg,Hertha,2,0,3,5,5,0,1,0,2,8,5,1,0,0
2021-02-27,Bundesliga,2020-21,RB Leipzig,M'gladbach,3,2,3,4,2,2,0,0,5,7,4,0,1,1
2021-02-27,Bundesliga,2020-21,Stuttgart,Schalke 04,5,1,11,9,2,3,0,0,6,20,5,0,1,1
2021-02-28,Bundesliga,2020-21,Union Berlin,Hoffenheim,1,1,3,4,0,2,0,0,2,7,2,0,1,0
2021-02-28,Bundesliga,2020-21,Mainz,Augsburg,0,1,5,3,1,2,0,0,1,8,3,0,0,0
2021-02-28,Bundesliga,2020-21,Leverkusen,Freiburg,1,2,8,3,2,3,0,0,3,11,5,0,1,1
2021-03-05,Bundesliga,2020-21,Schalke 04,Mainz,0,0,2,6,2,2,0,0,0,8,4,0,0,0
2021-03-06,Bundesliga,2020-21,Hoffenheim,Wolfsburg,2,1,2,6,2,4,0,1,3,8,6,1,1,1
2021-03-06,Bundesliga,2020-21,M'gladbach,Leverkusen,0,1,7,8,0,2,0,0,1,15,2,0,0,0
2021-03-06,Bundesliga,2020-21,Bayern Munich,Dortmund,4,2,6,0,1,1,0,0,6,6,2,0,1,1
2021-03-06,Bundesliga,2020-21,Hertha,Augsburg,2,1,6,1,2,3,0,0,3,7,5,0,1,1
2021-03-06,Bundesliga,2020-21,Ein Frankfurt,Stuttgart,1,1,13,4,2,3,0,0,2,17,5,0,1,0
2021-03-06,Bundesliga,2020-21,Freiburg,RB Leipzig,0,3,1,2,1,1,0,0,3,3,2,0,0,1
2021-03-07,Bundesliga,2020-21,FC Koln,Werder Bremen,1,1,9,3,2,0,0,0,2,12,2,0,1,0
2021-03-07,Bundesliga,2020-21,Bielefeld,Union Berlin,0,0,3,3,0,0,0,0,0,6,0,0,0,0
2021-03-10,Bundesliga,2020-21,Bielefeld,Werder Bremen,0,2,9,0,0,2,1,0,2,9,2,1,0,0
2021-03-12,Bundesliga,2020-21,Augsburg,M'gladbach,3,1,1,10,0,0,0,0,4,11,0,0,1,1
2021-03-13,Bundesliga,2020-21,Dortmund,Hertha,2,0,7,0,1,1,0,1,2,7,2,1,0,0
2021-03-13,Bundesliga,2020-21,Wolfsburg,Schalke 04,5,0,3,8,0,1,0,0,5,11,1,0,0,1
2021-03-13,Bundesliga,2020-21,Werder Bremen,Bayern Munich,1,3,3,8,1,0,0,0,4,11,1,0,1,1
2021-03-13,Bundesliga,2020-21,Mainz,Freiburg,1,0,0,4,1,3,0,0,1,4,4,0,0,0
2021-03-13,Bundesliga,2020-21,Union Berlin,FC Koln,2,1,6,6,2,3,0,0,3,12,5,0,1,1
2021-03-14,Bundesliga,2020-21,Leverkusen,Bielefeld,1,2,9,5,2,1,0,0,3,14,3,0,1,1
2021-03-14,Bundesliga,2020-21,RB Leipzig,Ein Frankfurt,1,1,4,3,2,3,0,0,2,7,5,0,1,0
2021-03-14,Bundesliga,2020-21,Stuttgart,Hoffenheim,2,0,4,4,0,2,0,0,2,8,2,0,0,0
2021-03-19,Bundesliga,2020-21,Bielefeld,RB Leipzig,0,1,1,7,2,1,0,0,1,8,3,0,0,0
2021-03-20,Bundesliga,2020-21,Werder Bremen,Wolfsburg,1,2,3,9,3,1,0,0,3,12,4,0,1,1
2021-03-20,Bundesliga,2020-21,Schalke 04,M'gladbach,0,3,2,7,1,2,0,0,3,9,3,0,0,1
2021-03-20,Bundesliga,2020-21,FC Koln,Dortmund,2,2,5,2,1,1,0,0,4,7,2,0,1,1
2021-03-20,Bundesliga,2020-21,Bayern Munich,Stuttgart,4,0,1,3,1,2,1,0,4,4,3,1,0,1
2021-03-20,Bundesliga,2020-21,Ein Frankfurt,Union Berlin,5,2,2,4,1,2,0,0,7,6,3,0,1,1
2021-03-21,Bundesliga,2020-21,Hoffenheim,Mainz,1,2,2,9,0,0,0,0,3,11,0,0,1,1
2021-03-21,Bundesliga,2020-21,Hertha,Leverkusen,3,0,4,8,0,2,0,0,3,12,2,0,0,1
2021-03-21,Bundesliga,2020-21,Freiburg,Augsburg,2,0,3,5,7,2,0,0,2,8,9,0,0,0
2021-04-03,Bundesliga,2020-21,M'gladbach,Freiburg,2,1,0,3,1,3,0,0,3,3,4,0,1,1
2021-04-03,Bundesliga,2020-21,RB Leipzig,Bayern Munich,0,1,8,4,3,2,0,0,1,12,5,0,0,0
2021-04-03,Bundesliga,2020-21,Wolfsburg,FC Koln,1,0,5,4,2,1,0,0,1,9,3,0,0,0
2021-04-03,Bundesliga,2020-21,Mainz,Bielefeld,1,1,2,3,4,1,0,0,2,5,5,0,1,0
2021-04-03,Bundesliga,2020-21,Leverkusen,Schalke 04,2,1,5,4,1,0,0,0,3,9,1,0,1,1
2021-04-03,Bundesliga,2020-21,Dortmund,Ein Frankfurt,1,2,10,2,0,3,0,0,3,12,3,0,1,1
2021-04-03,Bundesliga,2020-21,Augsburg,Hoffenheim,2,1,2,10,1,1,0,0,3,12,2,0,1,1
2021-04-04,Bundesliga,2020-21,Stuttgart,Werder Bremen,1,0,6,0,1,2,0,0,1,6,3,0,0,0
2021-04-04,Bundesliga,2020-21,Union Berlin,Hertha,1,1,2,3,2,4,0,0,2,5,6,0,1,0
2021-04-09,Bundesliga,2020-21,Bielefeld,Freiburg,1,0,4,2,3,2,0,0,1,6,5,0,0,0
2021-04-10,Bundesliga,2020-21,Stuttgart,Dortmund,2,3,3,8,4,2,0,0,5,11,6,0,1,1
2021-04-10,Bundesliga,2020-21,Werder Bremen,RB Leipzig,1,4,2,2,0,0,0,0,5,4,0,0,1,1
2021-04-10,Bundesliga,2020-21,Hertha,M'gladbach,2,2,11,3,2,1,0,1,4,14,3,1,1,1
2021-04-10,Bundesliga,2020-21,Ein Frankfurt,Wolfsburg,4,3,3,7,3,2,0,0,7,10,5,0,1,1
2021-04-10,Bundesliga,2020-21,Bayern Munich,Union Berlin,1,1,8,1,2,0,0,0,2,9,2,0,1,0
2021-04-11,Bundesliga,2020-21,Schalke 04,Augsburg,1,0,4,6,0,2,0,0,1,10,2,0,0,0
2021-04-11,Bundesliga,2020-21,FC Koln,Mainz,2,3,2,5,2,1,0,0,5,7,3,0,1,1
2021-04-12,Bundesliga,2020-21,Hoffenheim,Leverkusen,0,0,1,1,1,1,0,0,0,2,2,0,0,0
2021-04-16,Bundesliga,2020-21,RB Leipzig,Hoffenheim,0,0,4,1,0,2,0,0,0,5,2,0,0,0
2021-04-17,Bundesliga,2020-21,Leverkusen,FC Koln,3,0,2,3,1,1,0,0,3,5,2,0,0,1
2021-04-17,Bundesliga,2020-21,Wolfsburg,Bayern Munich,2,3,6,5,2,1,0,0,5,11,3,0,1,1
2021-04-17,Bundesliga,2020-21,Union Berlin,Stuttgart,2,1,4,4,2,3,0,0,3,8,5,0,1,1
2021-04-17,Bundesliga,2020-21,M'gladbach,Ein Frankfurt,4,0,7,8,2,4,0,0,4,15,6,0,0,1
2021-04-17,Bundesliga,2020-21,Freiburg,Schalke 04,4,0,3,4,2,1,0,0,4,7,3,0,0,1
2021-04-17,Bundesliga,2020-21,Augsburg,Bielefeld,0,0,7,3,4,1,0,0,0,10,5,0,0,0
2021-04-18,Bundesliga,2020-21,Dortmund,Werder Bremen,4,1,7,4,1,4,0,0,5,11,5,0,1,1
2021-04-20,Bundesliga,2020-21,FC Koln,RB Leipzig,2,1,0,8,2,3,0,0,3,8,5,0,1,1
2021-04-20,Bundesliga,2020-21,Bayern Munich,Leverkusen,2,0,7,3,0,0,0,0,2,10,0,0,0,0
2021-04-20,Bundesliga,2020-21,Bielefeld,Schalke 04,1,0,4,2,3,5,0,1,1,6,8,1,0,0
2021-04-20,Bundesliga,2020-21,Ein Frankfurt,Augsburg,2,0,7,5,3,1,0,0,2,12,4,0,0,0
2021-04-21,Bundesliga,2020-21,Stuttgart,Wolfsburg,1,3,4,1,3,0,0,0,4,5,3,0,1,1
2021-04-21,Bundesliga,2020-21,Werder Bremen,Mainz,0,1,10,4,1,2,0,0,1,14,3,0,0,0
2021-04-21,Bundesliga,2020-21,Dortmund,Union Berlin,2,0,4,3,2,1,0,0,2,7,3,0,0,0
2021-04-21,Bundesliga,2020-21,Hoffenheim,M'gladbach,3,2,5,4,3,0,0,0,5,9,3,0,1,1
2021-04-23,Bundesliga,2020-21,Augsburg,FC Koln,2,3,6,3,2,3,0,0,5,9,5,0,1,1
2021-04-24,Bundesliga,2020-21,Freiburg,Hoffenheim,1,1,6,5,1,2,0,0,2,11,3,0,1,0
2021-04-24,Bundesliga,2020-21,Mainz,Bayern Munich,2,1,2,3,3,4,0,0,3,5,7,0,1,1
2021-04-24,Bundesliga,2020-21,Union Berlin,Werder Bremen,3,1,11,2,0,0,0,0,4,13,0,0,1,1
2021-04-24,Bundesliga,2020-21,Wolfsburg,Dortmund,0,2,10,2,1,3,0,1,2,12,4,1,0,0
2021-04-24,Bundesliga,2020-21,Leverkusen,Ein Frankfurt,3,1,5,6,1,1,0,0,4,11,2,0,1,1
2021-04-25,Bundesliga,2020-21,M'gladbach,Bielefeld,5,0,4,1,1,1,0,0,5,5,2,0,0,1
2021-04-25,Bundesliga,2020-21,RB Leipzig,Stuttgart,2,0,10,1,2,0,0,1,2,11,2,1,0,0
2021-05-03,Bundesliga,2020-21,Mainz,Hertha,1,1,6,4,2,3,0,0,2,10,5,0,1,0
2021-05-06,Bundesliga,2020-21,Hertha,Freiburg,3,0,4,6,4,3,0,0,3,10,7,0,0,1
2021-05-07,Bundesliga,2020-21,Stuttgart,Augsburg,2,1,2,12,0,0,0,0,3,14,0,0,1,1
2021-05-08,Bundesliga,2020-21,Bayern Munich,M'gladbach,6,0,5,3,0,2,1,0,6,8,2,1,0,1
2021-05-08,Bundesliga,2020-21,Dortmund,RB Leipzig,3,2,7,7,1,1,0,0,5,14,2,0,1,1
2021-05-08,Bundesliga,2020-21,Hoffenheim,Schalke 04,4,2,9,3,1,2,0,0,6,12,3,0,1,1
2021-05-08,Bundesliga,2020-21,Werder Bremen,Leverkusen,0,0,4,6,3,2,1,0,0,10,5,1,0,0
2021-05-08,Bundesliga,2020-21,Wolfsburg,Union Berlin,3,0,4,3,1,0,0,0,3,7,1,0,0,1
2021-05-09,Bundesliga,2020-21,Hertha,Bielefeld,0,0,4,3,3,4,0,0,0,7,7,0,0,0
2021-05-09,Bundesliga,2020-21,Ein Frankfurt,Mainz,1,1,8,2,2,0,0,0,2,10,2,0,1,0
2021-05-09,Bundesliga,2020-21,FC Koln,Freiburg,1,4,3,2,2,2,0,0,5,5,4,0,1,1
2021-05-12,Bundesliga,2020-21,Schalke 04,Hertha,1,2,1,7,3,5,0,1,3,8,8,1,1,1
2021-05-15,Bundesliga,2020-21,Augsburg,Werder Bremen,2,0,5,5,3,3,1,1,2,10,6,2,0,0
2021-05-15,Bundesliga,2020-21,Bielefeld,Hoffenheim,1,1,10,4,1,2,0,0,2,14,3,0,1,0
2021-05-15,Bundesliga,2020-21,Freiburg,Bayern Munich,2,2,4,8,1,2,0,0,4,12,3,0,1,1
2021-05-15,Bundesliga,2020-21,Hertha,FC Koln,0,0,1,5,2,2,0,0,0,6,4,0,0,0
2021-05-15,Bundesliga,2020-21,Leverkusen,Union Berlin,1,1,4,5,2,2,0,0,2,9,4,0,1,0
2021-05-15,Bundesliga,2020-21,M'gladbach,Stuttgart,1,2,2,1,2,4,0,0,3,3,6,0,1,1
2021-05-15,Bundesliga,2020-21,Schalke 04,Ein Frankfurt,4,3,1,13,0,2,0,0,7,14,2,0,1,1
2021-05-16,Bundesliga,2020-21,Mainz,Dortmund,1,3,4,2,0,0,0,0,4,6,0,0,1,1
2021-05-16,Bundesliga,2020-21,RB Leipzig,Wolfsburg,2,2,11,3,3,3,0,0,4,14,6,0,1,1
2021-05-22,Bundesliga,2020-21,Union Berlin,RB Leipzig,2,1,7,3,2,1,0,0,3,10,3,0,1,1
2021-05-22,Bundesliga,2020-21,Stuttgart,Bielefeld,0,2,3,6,1,0,0,0,2,9,1,0,0,0
2021-05-22,Bundesliga,2020-21,Hoffenheim,Hertha,2,1,4,3,0,0,0,0,3,7,0,0,1,1
2021-05-22,Bundesliga,2020-21,Werder Bremen,M'gladbach,2,4,3,5,1,2,0,0,6,8,3,0,1,1
2021-05-22,Bundesliga,2020-21,Ein Frankfurt,Freiburg,3,1,8,1,1,0,0,0,4,9,1,0,1,1
2021-05-22,Bundesliga,2020-21,Dortmund,Leverkusen,3,1,3,6,0,0,0,0,4,9,0,0,1,1
2021-05-22,Bundesliga,2020-21,Bayern Munich,Augsburg,5,2,10,2,1,1,0,0,7,12,2,0,1,1
2021-05-22,Bundesliga,2020-21,FC Koln,Schalke 04,1,0,8,4,1,2,0,0,1,12,3,0,0,0
2021-05-22,Bundesliga,2020-21,Wolfsburg,Mainz,2,3,7,7,3,3,0,0,5,14,6,0,1,1
